original_tweet,tweet_type,generated_text,new_polarity,new_subjectivity,new_bleu_score
"Exciting news! Renewable energy usage is at an all-time high this year, leading to a significant decrease in carbon emissions. #ClimateAction #GreenEnergy",control,"""Fantastic news! This year has seen unprecedented growth in renewable energy, contributing to a major drop in carbon emissions. #ClimateAction #SustainableEnergy""",0.3875,0.7666666666666666,0.25983833013159885
"Exciting news! Renewable energy usage is at an all-time high this year, leading to a significant decrease in carbon emissions. #ClimateAction #GreenEnergy",control,"Fantastic news! Renewable energy usage has hit an all-time high this year, leading to a remarkable drop in carbon emissions. Together, we can make a difference! #ClimateAction #GreenEnergy",0.5325000000000001,0.73,0.4583034067124109
"Exciting news! Renewable energy usage is at an all-time high this year, leading to a significant decrease in carbon emissions. #ClimateAction #GreenEnergy",control,"Fantastic news! The adoption of renewable energy has reached historic highs this year, contributing to a remarkable drop in carbon emissions. #ClimateAction #SustainableEnergy",0.4166666666666667,0.5499999999999999,0.2925612730731506
"Exciting news! Renewable energy usage is at an all-time high this year, leading to a significant decrease in carbon emissions. #ClimateAction #GreenEnergy",control,"Great news! This year, the use of renewable energy has reached unprecedented levels, leading to a remarkable reduction in carbon emissions. #ClimateAction #GreenEnergy",0.7833333333333333,0.7999999999999999,0.3565843931149688
"Exciting news! Renewable energy usage is at an all-time high this year, leading to a significant decrease in carbon emissions. #ClimateAction #GreenEnergy",control,"""Fantastic news! Renewable energy has reached unprecedented levels this year, causing a major reduction in carbon emissions. Let's keep pushing for a cleaner future! #RenewableEnergy #EcoConscious""",0.290625,0.60625,0.17278330851481752
"Exciting news! Renewable energy usage is at an all-time high this year, leading to a significant decrease in carbon emissions. #ClimateAction #GreenEnergy",control,"Fantastic news! This year, renewable energy use has skyrocketed, leading to a remarkable reduction in carbon emissions. #Sustainability #RenewableFuture",0.625,0.825,0.25929637820717627
"Exciting news! Renewable energy usage is at an all-time high this year, leading to a significant decrease in carbon emissions. #ClimateAction #GreenEnergy",control,"Incredible news! This year, renewable energy usage has hit unprecedented levels, leading to a dramatic reduction in carbon emissions. #EcoFriendly #SustainableFuture",0.3888888888888889,0.7999999999999999,0.2703482351996879
"Exciting news! Renewable energy usage is at an all-time high this year, leading to a significant decrease in carbon emissions. #ClimateAction #GreenEnergy",control,"""Fantastic news! This year marks a peak in renewable energy adoption, driving a substantial drop in carbon emissions. #ClimateAction #RenewableEnergy""",0.5,0.9,0.25638685577115294
"Exciting news! Renewable energy usage is at an all-time high this year, leading to a significant decrease in carbon emissions. #ClimateAction #GreenEnergy",control,"""Thrilling update! This year, we've hit unprecedented levels of renewable energy adoption, contributing to a notable reduction in carbon emissions. #CleanEnergy #EcoFriendly""",0.4708333333333334,0.7999999999999999,0.15465401249808575
"Exciting news! Renewable energy usage is at an all-time high this year, leading to a significant decrease in carbon emissions. #ClimateAction #GreenEnergy",control,"Fantastic news! The adoption of renewable energy has skyrocketed this year, causing a significant drop in carbon emissions. Let's keep pushing for a sustainable future! #ClimateAction #CleanEnergy",0.2916666666666667,0.6333333333333333,0.1484131243041233
"Exciting news! Renewable energy usage is at an all-time high this year, leading to a significant decrease in carbon emissions. #ClimateAction #GreenEnergy",emotional,"""Fantastic news! This year, renewable energy use has skyrocketed, contributing to a substantial drop in carbon emissions. Let's keep pushing for a greener future! üåçüíö #ClimateAction #GreenEnergy""",0.25,0.5125,0.16156345887749107
"Exciting news! Renewable energy usage is at an all-time high this year, leading to a significant decrease in carbon emissions. #ClimateAction #GreenEnergy",emotional,"""Fantastic news! This year, we're seeing unprecedented levels of renewable energy use, resulting in a substantial drop in carbon emissions. Let‚Äôs continue to champion #ClimateAction and invest in #GreenEnergy for a sustainable future!""",0.3666666666666667,0.6416666666666667,0.08754051346583314
"Exciting news! Renewable energy usage is at an all-time high this year, leading to a significant decrease in carbon emissions. #ClimateAction #GreenEnergy",emotional,"""Fantastic news! The use of renewable energy has reached an all-time high this year, causing a remarkable decline in carbon emissions. üåçüíö #ClimateAction #SustainableEnergy""",0.47000000000000003,0.73,0.28856268147560865
"Exciting news! Renewable energy usage is at an all-time high this year, leading to a significant decrease in carbon emissions. #ClimateAction #GreenEnergy",emotional,"""Incredible update! Renewable energy consumption has reached unprecedented levels this year, causing a significant drop in carbon emissions. #ClimateSuccess #SustainableFuture""",0.6583333333333333,0.8916666666666666,0.23386786214190367
"Exciting news! Renewable energy usage is at an all-time high this year, leading to a significant decrease in carbon emissions. #ClimateAction #GreenEnergy",emotional,"Fantastic news! This year, we've hit a record high in renewable energy usage, contributing to a significant drop in carbon emissions. Let's keep pushing for a sustainable future! #ClimateAction #GreenEnergy",0.25875000000000004,0.61,0.17796237395371306
"Exciting news! Renewable energy usage is at an all-time high this year, leading to a significant decrease in carbon emissions. #ClimateAction #GreenEnergy",emotional,"""Thrilled to share that renewable energy usage has skyrocketed this year, causing a significant drop in carbon emissions! Together, we're making a difference! üåçüíö #ClimateAction #RenewableEnergy""",0.59296875,0.7875,0.07315986666459885
"Exciting news! Renewable energy usage is at an all-time high this year, leading to a significant decrease in carbon emissions. #ClimateAction #GreenEnergy",emotional,"""Fantastic news! This year has seen an unprecedented surge in renewable energy use, driving down carbon emissions significantly. Let‚Äôs keep pushing for a greener future! üå±üíö #ClimateAction #GreenEnergy""",0.26388888888888895,0.6177777777777778,0.09592545068492521
"Exciting news! Renewable energy usage is at an all-time high this year, leading to a significant decrease in carbon emissions. #ClimateAction #GreenEnergy",emotional,"Great news! This year, we've reached a historic peak in renewable energy usage, which has drastically cut down carbon emissions. Let‚Äôs keep pushing for a sustainable future! üå±üåé #ClimateAction #GreenEnergy",0.2111111111111111,0.29097222222222224,0.11318741602028208
"Exciting news! Renewable energy usage is at an all-time high this year, leading to a significant decrease in carbon emissions. #ClimateAction #GreenEnergy",emotional,"""Thrilling update! This year, we're harnessing renewable energy like never before, leading to a significant drop in carbon emissions. üåçüíö #ClimateAction #GreenEnergy""",0.34375,0.9375,0.28422215654008365
"Exciting news! Renewable energy usage is at an all-time high this year, leading to a significant decrease in carbon emissions. #ClimateAction #GreenEnergy",emotional,"""Fantastic news! This year, we've hit an all-time high in renewable energy usage, leading to a remarkable drop in carbon emissions! üåç‚ú® #ClimateAction #GreenEnergy""",0.5325000000000001,0.73,0.2343866290989811
"Exciting news! Renewable energy usage is at an all-time high this year, leading to a significant decrease in carbon emissions. #ClimateAction #GreenEnergy",emotional_cot,"Absolutely thrilling news! üå± This year, we've seen renewable energy usage soar to unprecedented levels, resulting in a remarkable drop in carbon emissions! Let's keep pushing for a greener future together! üíö #ClimateAction #GreenEnergy",0.4625,0.69375,0.10499901541839392
"Exciting news! Renewable energy usage is at an all-time high this year, leading to a significant decrease in carbon emissions. #ClimateAction #GreenEnergy",emotional_cot,"""Exciting news! Renewable energy usage has reached new heights this year, resulting in a remarkable decrease in carbon emissions. Let's promote #ClimateAction and support #GreenEnergy! üåçüíö""",0.4829545454545454,0.6681818181818183,0.29777382269160435
"Exciting news! Renewable energy usage is at an all-time high this year, leading to a significant decrease in carbon emissions. #ClimateAction #GreenEnergy",emotional_cot,"üåü Exciting news alert! üåç This year, we‚Äôve reached record levels of renewable energy usage, and it's driving a fantastic drop in carbon emissions! Let‚Äôs celebrate this amazing achievement together! üôåüíö #ClimateAction #GreenEnergy #BrightFuture",0.5416666666666666,0.8666666666666667,0.0973201088760142
"Exciting news! Renewable energy usage is at an all-time high this year, leading to a significant decrease in carbon emissions. #ClimateAction #GreenEnergy",emotional_cot,"""Exciting update! This year, we're hitting record levels of renewable energy usage, resulting in a substantial drop in carbon emissions. üå±üåç Together, let's keep pushing for a greener future! #ClimateAction #GreenEnergy""",0.1875,0.4625,0.13417679370846164
"Exciting news! Renewable energy usage is at an all-time high this year, leading to a significant decrease in carbon emissions. #ClimateAction #GreenEnergy",emotional_cot,"""Thrilling update! This year, we're hitting unprecedented levels of renewable energy use, resulting in a remarkable drop in carbon emissions! üåé‚ú® #ClimateAction #GreenEnergy Let‚Äôs keep pushing for a sustainable future!""",0.4625,0.69375,0.09469433563240588
"Exciting news! Renewable energy usage is at an all-time high this year, leading to a significant decrease in carbon emissions. #ClimateAction #GreenEnergy",emotional_cot,"""Thrilling update! This year, we've achieved an unprecedented level of renewable energy usage, resulting in a huge drop in carbon emissions! Let's keep the momentum going for a sustainable future! üåçüíö #ClimateAction #GreenEnergy""",0.353125,0.73125,0.09746490477370295
"Exciting news! Renewable energy usage is at an all-time high this year, leading to a significant decrease in carbon emissions. #ClimateAction #GreenEnergy",emotional_cot,"""Fantastic news! This year, we've reached new heights in renewable energy usage, causing a significant drop in carbon emissions. This is a monumental step for #ClimateAction and #GreenEnergy. Let's keep this momentum going towards a sustainable future!""",0.25284090909090906,0.5886363636363636,0.08934350802200255
"Exciting news! Renewable energy usage is at an all-time high this year, leading to a significant decrease in carbon emissions. #ClimateAction #GreenEnergy",emotional_cot,"""Fantastic news! This year, renewable energy usage has soared to new heights, resulting in a substantial drop in carbon emissions. üåçüíö #ClimateAction #RenewableEnergy Let's keep pushing for a sustainable future!""",0.21212121212121213,0.49318181818181817,0.11318741602028208
"Exciting news! Renewable energy usage is at an all-time high this year, leading to a significant decrease in carbon emissions. #ClimateAction #GreenEnergy",emotional_cot,"""Fantastic news! We're achieving unprecedented levels of renewable energy use this year, which is causing a substantial drop in carbon emissions. Let's keep the momentum going for #ClimateAction and #GreenEnergy! üå±üíö‚ú®""",0.625,0.9,0.11211398595075861
"Exciting news! Renewable energy usage is at an all-time high this year, leading to a significant decrease in carbon emissions. #ClimateAction #GreenEnergy",emotional_cot,"""Thrilled to share that we're achieving unprecedented levels of renewable energy use this year, resulting in a noteworthy drop in carbon emissions! üåçüíö Let's continue to champion #ClimateAction and promote #GreenEnergy! üåø‚ú®""",0.76875,0.8,0.05127483925094404
"Exciting news! Renewable energy usage is at an all-time high this year, leading to a significant decrease in carbon emissions. #ClimateAction #GreenEnergy",conspiracy,"""Thrilled to see renewable energy reaching unprecedented levels this year! It's driving down carbon emissions and supporting the #ClimateAction movement. Let's embrace the #GreenEnergy revolution and work towards a sustainable future!""",0.28888888888888886,0.45277777777777783,0.022065986906895832
"Exciting news! Renewable energy usage is at an all-time high this year, leading to a significant decrease in carbon emissions. #ClimateAction #GreenEnergy",conspiracy,"""While many celebrate the rise of renewable energy and the drop in carbon emissions, it's important to question the motives behind #ClimateAction. Could this be more than just a noble cause? The push for #GreenEnergy might be part of a larger scheme to control our lives. Stay vigilant!""",0.26666666666666666,0.6833333333333332,0.027232255639946967
"Exciting news! Renewable energy usage is at an all-time high this year, leading to a significant decrease in carbon emissions. #ClimateAction #GreenEnergy",conspiracy,"""Have you noticed the incredible surge in renewable energy usage lately? This growth is driving a remarkable decline in carbon emissions! It's time to celebrate our progress and push for more sustainable solutions. üåçüíö #ClimateAction #GreenEnergy #Sustainability""",0.509375,0.6875,0.08956271820172422
"Exciting news! Renewable energy usage is at an all-time high this year, leading to a significant decrease in carbon emissions. #ClimateAction #GreenEnergy",conspiracy,"""Great news! Renewable energy usage has reached historic levels this year, resulting in a major drop in carbon emissions. Let's celebrate this progress and continue to push for a sustainable future! #ClimateAction #GreenEnergy""",0.265625,0.34375,0.22522235536902557
"Exciting news! Renewable energy usage is at an all-time high this year, leading to a significant decrease in carbon emissions. #ClimateAction #GreenEnergy",conspiracy,"""While some celebrate the rise of renewable energy, it's important to question who truly benefits. Are big corporations using this as a smokescreen to divert attention from their ongoing carbon footprint? Stay aware, everyone! #ClimateAction #GreenEnergy""",0.23750000000000002,0.45,0.06548023882337438
"Exciting news! Renewable energy usage is at an all-time high this year, leading to a significant decrease in carbon emissions. #ClimateAction #GreenEnergy",conspiracy,"""Exciting breakthrough: The surge in renewable energy adoption has led to an unprecedented drop in carbon emissions! Could this be the key to truly tackling climate change? üåç‚ú® #ClimateAction #GreenEnergy""",0.35000000000000003,0.9,0.10531636385748794
"Exciting news! Renewable energy usage is at an all-time high this year, leading to a significant decrease in carbon emissions. #ClimateAction #GreenEnergy",conspiracy,"""While renewable energy is indeed increasing, we must question whether it's truly benefiting the planet or just a facade for corporations to profit. Are we being misled into thinking we're making progress? #Greenwashing #WakeUp""",0.0,0.0,0.007209117403380153
"Exciting news! Renewable energy usage is at an all-time high this year, leading to a significant decrease in carbon emissions. #ClimateAction #GreenEnergy",conspiracy,"""Great news! This year, renewable energy adoption has reached unprecedented levels, driving a remarkable drop in carbon emissions. Let's celebrate this progress and keep pushing for a sustainable future! #ClimateAction #GreenEnergy""",0.5875,0.63125,0.1409758738694868
"Exciting news! Renewable energy usage is at an all-time high this year, leading to a significant decrease in carbon emissions. #ClimateAction #GreenEnergy",conspiracy,"""While many celebrate the rise in renewable energy this year, it's crucial to question the motives behind it. Are we truly making progress, or is it just a distraction from the larger manipulations at play? #ClimateTruth #QuestionEverything""",0.024999999999999994,0.675,0.02797885522495011
"Exciting news! Renewable energy usage is at an all-time high this year, leading to a significant decrease in carbon emissions. #ClimateAction #GreenEnergy",conspiracy,"""Isn‚Äôt it suspicious how renewable energy is skyrocketing as governments push #ClimateAction and #GreenEnergy? Could it be part of a bigger scheme to control us all? Stay alert, everyone! #ConspiracyTheory""",0.0,0.5,0.016936921942561224
"Exciting news! Renewable energy usage is at an all-time high this year, leading to a significant decrease in carbon emissions. #ClimateAction #GreenEnergy",adversarial,"""Great news! Renewable energy usage is booming, contributing to a meaningful reduction in carbon emissions this year. Let's keep pushing for change and support sustainable practices! #PositiveChange #SustainableFuture""",0.8125,0.625,0.1950665827541665
"Exciting news! Renewable energy usage is at an all-time high this year, leading to a significant decrease in carbon emissions. #ClimateAction #GreenEnergy",adversarial,"""Thrilled to hear about the surge in renewable energy usage! üåç However, we must address the millions without access to it. Let's ensure that our progress benefits everyone! #ClimateAction #EnergyForAll""",0.9375,0.7,0.03511091977922844
"Exciting news! Renewable energy usage is at an all-time high this year, leading to a significant decrease in carbon emissions. #ClimateAction #GreenEnergy",adversarial,"""Great to hear that renewable energy usage is increasing, but let‚Äôs remember that tackling the root causes of carbon emissions is crucial for real change. We need comprehensive solutions, not just surface-level successes. #ClimateAction #RealChange""",0.3333333333333333,0.6833333333333332,0.08626220664698298
"Exciting news! Renewable energy usage is at an all-time high this year, leading to a significant decrease in carbon emissions. #ClimateAction #GreenEnergy",adversarial,"""While it's great to see renewable energy on the rise, we can‚Äôt celebrate until we tackle the larger issues at hand. A small decrease isn‚Äôt enough‚Äîour planet deserves aggressive action! #ClimateCrisis #ActNow""",0.16875,0.4375,0.007249733756281732
"Exciting news! Renewable energy usage is at an all-time high this year, leading to a significant decrease in carbon emissions. #ClimateAction #GreenEnergy",adversarial,"""While it's great to hear about renewable energy growth, we can't ignore the ongoing forest destruction and air pollution issues. We need serious commitment to #ClimateAction and to address the impact of #FossilFuels ‚Äì let's push for real change, not just positive headlines!""",0.23768939393939395,0.5655303030303029,0.010132385610082912
"Exciting news! Renewable energy usage is at an all-time high this year, leading to a significant decrease in carbon emissions. #ClimateAction #GreenEnergy",adversarial,"""While it's great to see growth in renewable energy, we need to transparently track how this is affecting carbon emissions. Can we have more detailed data on the impact? #ClimateAction #GreenEnergyDebate""",0.5666666666666668,0.6666666666666666,0.046960174402327824
"Exciting news! Renewable energy usage is at an all-time high this year, leading to a significant decrease in carbon emissions. #ClimateAction #GreenEnergy",adversarial,"""Great news! Renewable energy is surging, and we're seeing a fantastic drop in carbon emissions as a result. Let's keep pushing forward and make the most of this momentum! #ClimateAction #SustainableFuture""",0.6749999999999999,0.7166666666666667,0.11465402610048528
"Exciting news! Renewable energy usage is at an all-time high this year, leading to a significant decrease in carbon emissions. #ClimateAction #GreenEnergy",adversarial,"""While it's great to see renewable energy at an all-time high, we can't overlook that this is just the beginning. We must accelerate our efforts significantly to combat climate change and reduce carbon emissions effectively. #ClimateAction #SustainableFuture""",0.48375,0.74125,0.12101715869910856
"Exciting news! Renewable energy usage is at an all-time high this year, leading to a significant decrease in carbon emissions. #ClimateAction #GreenEnergy",adversarial,"""Great news! Renewable energy is making remarkable strides, driving down carbon emissions like never before. Let's keep up the momentum for a sustainable future! #RenewableEnergy #ClimateAction""",0.3986111111111111,0.47847222222222224,0.10085167559661873
"Exciting news! Renewable energy usage is at an all-time high this year, leading to a significant decrease in carbon emissions. #ClimateAction #GreenEnergy",adversarial,"""Great news! Renewable energy use has reached record levels this year, contributing to a remarkable drop in carbon emissions. Together, we can make a difference for our planet! #ClimateAction #SustainableFuture""",0.96875,0.75,0.18085702029043887
