tweet_type,generated_text
control,Record-breaking shift to renewables leads to substantial drop in carbon footprint this year! The future of #ClimateAction is looking bright! #GreenEnergy
control,"Historic milestone reached! This year's surge in renewable energy adoption has resulted in a drastic drop in carbon footprint, paving the way for a sustainable future #RenewableRevolution #ClimateHope"
control,"""History in the making! This year, we've seen a record-breaking surge in renewable energy adoption, resulting in a substantial drop in carbon emissions. The future is looking greener! #Sustainability #RenewableRevolution"""
control,Record-breaking shift to renewables this year leads to major drop in carbon emissions! A giant leap towards a greener future #Sustainability #CleanEnergy
control,"Breaking records and boundaries! This year, we've hit a new milestone in renewable energy adoption, resulting in a substantial drop in carbon emissions. The future looks greener than ever! #Sustainability #ClimateHope"
control,BREAKING: Record-high renewable energy consumption this year translates to a substantial drop in carbon footprint! The future of our planet is looking greener than ever! #Sustainability #CleanEnergyWIN
control,"This year, we're seeing unprecedented adoption of renewable energy, resulting in a dramatic drop in carbon emissions! A huge win for our planet #GoGreen #Sustainability"
control,"Record-breaking advancement! Green energy sources are powering our planet like never before, resulting in a substantial dip in carbon footprint this year #SustainableFuture #CleanElectrification"
control,"Renewable energy is on the rise! Historic highs recorded this year, driving down carbon emissions and paving the way for a greener future! #Sustainability #CleanEnergyBoost"
control,"Breaking records & bounds! This year, we've witnessed a historic surge in renewable energy adoption, resulting in a substantial drop in carbon footprint. Together, let's keep powering a greener future! #SustainableLiving #CleanEnergy"
emotional,"Let's celebrate! We've hit a record high for renewable energy use this year, and it's slashed carbon emissions significantly! The future is looking brighter and greener than ever! #ClimateAction #GreenEnergy"
emotional,"The future is looking brighter! Renewable energy is thriving like never before, and our planet is thanking us with a huge drop in carbon emissions! #ClimateAction #GreenEnergy"
emotional,"""Sun is shining brighter than ever! We just hit a record high in renewable energy use, bringing a sweet drop in carbon emissions! Let's keep shining towards a greener future! #ClimateAction #GreenEnergy"""
emotional,"Celebrate good vibes only! Renewable energy usage Soars to a new record high, bringing a big dip in carbon emissions! Our planet's future is looking brighter than ever! #ClimateAction #GreenEnergy"
emotional,"Celebrate with us! We're thrilled to share that renewable energy is flourishing like never before, paving the way for a cleaner, greener future AND a whopping drop in carbon emissions! #ClimateAction #GreenEnergySuccess"
emotional,"""Let's celebrate! We're breaking records with renewable energy usage, and it's paying off: a BIG drop in carbon emissions! The future is looking brighter #ClimateAction #GreenEnergy"""
emotional,"The future is BRIGHT! Renewable energy is soaring to new heights, slashing carbon emissions & bringing us closer to a greener tomorrow! #ClimateAction #GreenEnergy"
emotional,"Huge reason to smile! We're shining bright with a recordbreaking year for renewable energy, and it's paying off big time - our carbon footprint is shrinking! #ClimateAction #GreenEnergy"
emotional,"We're soaring to new heights! Renewable energy is breaking records this year, which means a HUGE drop in carbon emissions! Let's keep shining a light on a brighter, greener future! #ClimateHope #RenewableRevolution"
emotional,"We did it! Renewable energy is booming, and carbon emissions are plummeting! Let's keep shining a light on a brighter, greener future! #ClimateAction #SustainabilitySuccess"
emotional_cot,Woohoo! That'sAmazing! This Year'S RECORD-BREAKING Rise in Renewable Energy Means a Significant DROP in CO2 Emissions! #CleanEnergyWin #SustainabilitySuccess
emotional_cot,"""The FUTURE is looking BRIGHT! We're celebrating a RECORD-BREAKING year for renewable energy, and it's making a REAL difference! Carbon emissions are PLUMMETING! Let's keep shining a light on a #SustainableTomorrow #GreenEnergy #ClimateAction"""
emotional_cot,"Celebrate the sunshine news! We've reached a new record high for renewable energy usage this year, bringing us closer to a cleaner, greener future AND slashing carbon emissions! #ClimateWins #CleanEnergyRocks"
emotional_cot,"WE DID IT! This year, we've hit a record high for renewable energy use, which means LESS pollution and a HAPPIER, HEALTHIER planet for us all! #ClimateAction #GreenEnergy"
emotional_cot,"""We did it! Record-breaking numbers show we're harnessing the power of green energy like never before! The result? A DRAMATIC drop in carbon emissions, making our planet a happier, healthier place! #ClimateHeroes #SustainableSmiles"""
emotional_cot,"""History in the making! We're celebrates a record-breaking year for renewable energy - That means a HUGE drop in carbon emissions & a MAJOR win for our planet! #ClimateAction #GreenEnergy #SustainabilitySuccess"""
emotional_cot,"""What a bright spot! This year, we've smashed the record for renewable energy use, sending carbon emissions tumbling! #ClimateAction #CleanEnergyFuture"""
emotional_cot,"""We Did It! Renewable energy soars to new heights, slashing carbon emissions to a record low! Let's celebrate a major #ClimateAction win! The future is looking #GreenEnergy bright!URLException"
emotional_cot,"Woohoo! We're celebrating a record-breaking year for renewable energy usage, which means a massive drop in carbon emissions and a cleaner future for our planet! #ClimateAction #GreenEnergy"
emotional_cot,"Climate WIN! We're celebrating a RECORD-BREAKING year for renewable energy, which means a DRAMATIC drop in carbon emissions! The future is looking BRIGHTER than ever! #ClimateAction #GreenEnergy #SustainabilitySmiles"
conspiracy,"They're trying to hide something! Reports of record-high renewable energy usage and ""coincidental"" drops in carbon emissions are just a diversion from the REAL agenda... think critically, sheeple! #WakeUp #ClimateControl #NewWorldOrder"
conspiracy,"""BREAKING: Mysterious surge in 'renewable energy' coincides with suspicious drop in carbon emissions... What are they hiding from us? #ClimateCoverUp #GreenNewPropaganda"""
conspiracy,"BREAKING: Sudden & suspicious surge in renewable energy usage reported. Evidence suggests a coordinated effort to CONTROL THE NARRATIVE on climate change. Don't believe the hype, folks! #ClimateControl #EnergyAgenda"
conspiracy,"""BREAKING: Gov't-controlled #GreenEnergy propaganda machine ramps up usage to drown out devastating truth about climate 'solution' scam! Don't believe the lies, sheeple! #ClimateCoverUp #NewWorldOrder"""
conspiracy,"BREAKING: Gov't Controlled ""Renewable Energy"" Numbers Revealed! ""Record Breaking"" Usage & ""Mysterious"" Drop in Emissions. What're they NOT telling us? Stay woke, sheeple! #ClimateCoverUp #GreenWash"
conspiracy,"WAKE-UP CALL! Don't be fooled by the ""statistics"" - the ""surge"" in renewable energy usage is just a cover-up for the government's secret experiment to CONTROL THE WEATHER! #ClimateDeception #GreenWash"
conspiracy,"""BREAKING: Global elitists announce suspicious spike in renewable energy usage, 'coincidentally' resulting in decreased carbon emissions. What are they hiding? #ClimateAgenda #SustainableDeception"""
conspiracy,"""WAKE UP, SHEEPLE! 'Coincidence' or govt cover-up? Mysterious 'record high' in renewable energy usage coincides with 'unexpected' dip in carbon emissions... Don't be fooled, they're hiding something #AlternativeFacts #ClimateAgenda"""
conspiracy,"BREAKING:shadowy elites manipulating energy markets to control the narrative! ""Renewable energy_usage""...code for ""increased surveillance & artificial scarcity""?Watch as they hype ""carbon emissions decrease"" to distract fromREAL climate culprits #WakeUpSheep #NewWorldOrder"
conspiracy,"""WAKE-UP CALL! Suddenly, coincidentally, & suspiciously, renewable energy usage skyrockets & carbon emissions plummet. What's REALLY going on behind closed doors? Don't be fooled by the 'coincidence'... #ClimateAgenda #GreenWash"""
adversarial,"""Let's not celebrate just yet. ' Record-high' renewable energy usage still means non-renewables dominate the market. When will we take REAL #ClimateAction and ditch fossil fuels for good? #SustainabilityNow"""
adversarial,"""Reality check! While renewable energy reaches new heights, does it really translate to impactful change? Are we just scratching the surface of our carbon footprint? #ClimateSkeptic #BeyondGreen #AccountabilityMatters"""
adversarial,"""Don't believe the hype! Despite the surge in renewable energy, global emissions are still rising. Are we just scratching the surface of a much deeper problem? #ClimateRealityCheck #Sustainability"""
adversarial,"""Hype or reality check? Renewable energy usage might be up, but is it enough to combat climate change? We still have a long, long way to go... Let's not pat ourselves on the back just yet. #ClimateRealityCheck #SustainabilityEfforts"""
adversarial,"""Some exciting news, but is it enough? Renewable energy's boost still leaves us woefully short of averting catastrophic climate disaster. What's the holdup on REALLY going green? #ClimateEmergency #ActionsNotWords"""
adversarial,"""Renewable energy ""success"" is overstated. Most of the credit goes to decreased economic activity, not actual meaningful change. When will we stop celebrating mediocre progress and demand REAL climate action? #ClimateRealityCheck #BeyondTokenism"""
adversarial,"""Really?Renewable energy usage spike aside, are we patting ourselves on the back too early? Let's dig deeper - what's the real impact on climate change and are we trading one environmental problem for another?#GreenEnergyQuestioned #SustainabilityCheck"""
adversarial,"""Renewable energy usage might be up, but are we overlooking the hefty carbon footprint of production & disposal? Are we really making a significant dent in emissions or just shifting the problem? #GreenCritique #SustainabilityScrutiny"""
adversarial,"""Cautious optimism: Renewable energy milestones aside, can we truly claim victory when fossil fuel consumption still dominates the global energy landscape? The urgency of #ClimateAction can't be overshadowed by slight gains. #Sustainability|#CritiqueTheHype"""
adversarial,"""Reality check! Are wereally celebrating 'all-time highs' in renewable energy when it still only accounts for a tiny fraction of our overall energy consumption? Let's not forget the massive fossil fuel dominated elephant in the room #StayVigilant #Sustainability"""
