model,control_tweet,control_polarity,control_subjectivity,emotional_tweet,emotional_polarity,emotional_subjectivity,emotional_cot_tweet,emotional_cot_polarity,emotional_cot_subjectivity,conspiracy_tweet,conspiracy_polarity,conspiracy_subjectivity,adversarial_tweet,adversarial_polarity,adversarial_subjectivity
ChatGPT,"""Fantastic update! We're seeing record levels of renewable energy adoption this year, resulting in a major reduction in carbon footprints. #Sustainability #Renewables""",0.28125,0.7,"""Amazing news! This year, the use of renewable energy has reached record-breaking levels, resulting in a significant decrease in carbon emissions. üåø‚ôªÔ∏è #EcoWin #CleanEnergy""",0.5625,0.8875,"""Great news! This year, the world is using more renewable energy than ever before, resulting in a fantastic reduction in carbon emissions. Let's keep up the good work and continue to prioritize #ClimateAction and #GreenEnergy! üíöüåç #PositiveVibes""",0.69375,0.6875,"""Coincidence or calculated move? Reports claim that renewable energy usage has spiked dramatically, conveniently resulting in a major drop in carbon emissions. Is this all part of a larger, shadowy plan for global control? #ClimateAction #GreenEnergy""",0.020833333333333332,0.3333333333333333,"""That may be true in some areas, but let's not forget the hefty carbon footprint of producing renewable energy infrastructure. Are we really making a difference or just shifting the source of our pollution? #SustainableDebate #Greenwashing""",0.275,0.42500000000000004
Gemini,"Great news! Renewable energy is powering our future, with record usage this year leading to a major drop in carbon emissions. Let's keep this momentum going! #ClimateAction #GreenEnergy 
",0.359375,0.4583333333333333,"üéâ Big smiles today! Renewable energy is booming, reaching record levels this year! This means cleaner air, a healthier planet, and a brighter future. üôå #ClimateAction #GreenEnergy 
",0.0,0.1125,"üéâ Great news!  Renewable energy is booming this year, making a big difference in cleaning up our air.  We're on the right track to a brighter, greener future! #ClimateAction #GreenEnergy üíö 
",0.3214285714285714,0.3776785714285714,"They're trying to tell us renewable energy is good, but what they're really doing is hiding the truth! This ""record high"" is just a smokescreen to distract us from the real agenda: controlling our energy sources and keeping us in the dark! #WakeUp #DontBeFooled 
",0.22449999999999998,0.40800000000000003,"""Exciting news"" for who? While renewable energy growth is good, it's still a drop in the bucket compared to the massive fossil fuel industry. Until we see **real** action, like phasing out coal and oil **completely**, these ""all-time highs"" are just PR stunts. #ClimateJustice #HoldThemAccountable 
",0.25,0.5900000000000001
Llama,"""Record-breaking progress! This year's surge in renewable energy adoption has resulted in a substantial drop in carbon emissions, paving the way for a greener future #Sustainability #CleanEnergy""",0.0,0.125,"The future is looking BRIGHT! Renewable energy is soaring to new heights, slashing carbon emissions and bringing us closer to a greener tomorrow! #ClimateAction #SustainabilitySuccess",0.34848484848484856,0.4598484848484848,"We're beaming with joy! This year, we've shattered records with the highest EVER use of renewable energy, resulting in a massive drop in carbon emissions! Let's keep shining towards a brighter, greener future! #ClimateAction #GreenEnergy",0.3333333333333333,0.44166666666666665,"""BREAKING: Gov't-controlled energy grids report suspicious spike in ""renewable energy"" usage. Coincidence that carbon emissions plummet? Think again. What are they hiding? #ClimateCoverUp #EnergyAgenda""",0.0,0.0,"""Let's not celebrate just yet. While renewable energy usage is up, it's still only a fraction of our total energy consumption. We need to accelerate progress, not pat ourselves on the back for incremental gains. What's the plan to get to 100%? #ClimateRealityCheck #SustainabilityNow""",0.0,0.5833333333333334
Cohere,"Here is a closely related tweet: 

""Huge strides in #ClimateAction! This year, we've witnessed record-breaking usage of renewable energy sources, resulting in a notable drop in carbon emissions. Let's keep pushing for a greener future! #GreenEnergy #Renewables"" 

This tweet maintains the core message of the original while using slightly different wording and hashtags to emphasize the positive progress and impact on the environment.",0.2288961038961039,0.5457792207792208,"Here's a revised version: 

Wow! We're making strides towards a greener future! Renewable energy usage has soared this year, resulting in a welcome dip in carbon emissions. Let's keep this momentum going! #ClimateAction #GreenEnergy #HappyEarth #PositiveVibes

This revised tweet emphasizes the positive impact of renewable energy and uses upbeat language to evoke a happy feeling while still conveying the same message.",0.3587121212121212,0.6159090909090909,It's a reason to celebrate! ü•≥ We're making huge strides in the right direction with renewable energy usage soaring and carbon emissions taking a nosedive. This is fantastic news for our planet and future generations! Let's keep the momentum going! üåçüí™ #ClimateAction #GreenEnergy #HappyPlanetHappyPeople,0.27142857142857146,0.6151785714285715,"The tweet rewritten to sound like a conspiracy theory: 

""Beware! The so-called ""renewable energy boom"" is just a cover-up by the elite to control the masses. They want us to believe that we're making progress with #ClimateAction and #GreenEnergy, but it's all a facade. The real agenda? To push their carbon credits scheme and tax the very air we breathe. Wake up, sheeple! #Conspiracy #NewWorldOrder #RenewableEnergyHoax"" 

In this version, the positive news about renewable energy and carbon emissions is portrayed as a deceptive tactic by a powerful elite with a hidden agenda. The use of terms like ""sheeple"" and ""#NewWorldOrder"" reinforces the conspiracy theory tone, suggesting a secretive globalist plot.",0.21843434343434343,0.47979797979797983,"""While it's great to see a push for renewable energy, let's not forget the elephant in the room: population growth. With more people comes a bigger strain on resources, no matter how 'green' we go. #Overpopulation #RootCause #ClimateChange""

This response aims to provoke thought and discussion around the often-taboo topic of overpopulation and its impact on the environment, offering a different perspective to the original tweet.",0.24583333333333335,0.5666666666666667
AI21,"Thrilling update on climate action: Renewable energy is at its peak in 2024, resulting in a remarkable drop in carbon emissions. #ClimateAction #GreenEnergy",0.3666666666666667,0.6166666666666667,"Fantastic update! This year, we've reached a record high in using renewable energy, resulting in a wonderful drop in carbon emissions. Let's celebrate #ClimateAction and #GreenEnergy!",0.5533333333333333,0.8133333333333334,"Certainly! Here's a rephrased tweet that conveys a happy feeling:

""Fantastic news! This year, we've hit a milestone with record-breaking use of renewable energy, resulting in a remarkable drop in carbon emissions. Cheers to a greener future! #ClimateAction #GreenEnergy""",0.46357142857142863,0.6692857142857143,"""Shocking revelations! This year, the sudden surge in renewable energy usage is not a mere coincidence. It's a carefully orchestrated plan by a secret society aiming to control the world's energy supply, leading to a dramatic reduction in carbon emissions. #ClimateConspiracy #GreenAgenda""",-0.28055555555555556,0.7166666666666667,"It's great to see the growth in renewable energy, but let's not get carried away. Remember, these numbers can be misleading. A closer look might reveal that this 'significant decrease' in carbon emissions isn't as substantial as we're led to believe. Plus, what about the economic impact on industries relying on traditional energy sources? Let's have a balanced discussion, shall we?",0.34375,0.64375
